filename,category
resume_01.txt,ENGINEERING
resume_02.txt,ENGINEERING
resume_03.txt,ENGINEERING
resume_04.txt,ENGINEERING
resume_05.txt,ENGINEERING
resume_06.txt,ENGINEERING
resume_07.txt,ENGINEERING
resume_08.txt,ENGINEERING
resume_09.txt,ENGINEERING
resume_10.txt,ENGINEERING
resume_11.txt,ENGINEERING
resume_12.txt,ENGINEERING
resume_13.txt,ENGINEERING
resume_14.txt,ENGINEERING
resume_15.txt,ENGINEERING
resume_16.txt,ENGINEERING
resume_17.txt,ENGINEERING
resume_18.txt,ENGINEERING
resume_19.txt,ENGINEERING
resume_20.txt,ENGINEERING
resume_21.txt,ENGINEERING
resume_22.txt,ENGINEERING
resume_23.txt,ENGINEERING
resume_24.txt,ENGINEERING
resume_25.txt,ENGINEERING
resume_26.txt,ENGINEERING
resume_27.txt,ENGINEERING
resume_28.txt,ENGINEERING
resume_29.txt,ENGINEERING
resume_30.txt,ENGINEERING
resume_31.txt,ENGINEERING
resume_32.txt,ENGINEERING
resume_33.txt,ENGINEERING
resume_34.txt,ENGINEERING
resume_35.txt,ENGINEERING
resume_36.txt,ENGINEERING
resume_37.txt,ENGINEERING
resume_38.txt,ENGINEERING
resume_39.txt,ENGINEERING
resume_40.txt,ENGINEERING
resume_41.txt,ENGINEERING
resume_42.txt,ENGINEERING
resume_43.txt,ENGINEERING
resume_44.txt,ENGINEERING
resume_45.txt,ENGINEERING
resume_46.txt,ENGINEERING
resume_47.txt,ENGINEERING
resume_48.txt,ENGINEERING
resume_49.txt,ENGINEERING
resume_50.txt,ENGINEERING
resume_51.txt,ENGINEERING
resume_52.txt,ENGINEERING
resume_53.txt,ENGINEERING
resume_54.txt,ENGINEERING
resume_55.txt,ENGINEERING
resume_56.txt,ENGINEERING
resume_57.txt,ENGINEERING
resume_58.txt,ENGINEERING
resume_59.txt,ENGINEERING
resume_60.txt,ENGINEERING
